humidity;mq5;mq7;temperature;alert;suspected_gas
64.5;172;0;21.0;0;Aucun
64.5;172;149;21.0;0;Aucun
64.5999984741211;172;278;21.0;0;Aucun
64.5;172;13;21.0;0;Aucun
64.5;172;7;21.0;0;Aucun
64.4000015258789;171;481;21.0;1;CO
64.4000015258789;171;327;21.0;1;CO
64.4000015258789;171;334;21.100000381469727;1;CO
64.5999984741211;171;215;21.100000381469727;0;Aucun
64.9000015258789;170;449;21.0;1;CO
65.0;170;23;21.100000381469727;0;Aucun
65.0;170;0;21.100000381469727;0;Aucun
65.0;169;124;21.100000381469727;0;Aucun
65.0999984741211;169;250;21.100000381469727;0;Aucun
65.0;169;485;21.100000381469727;1;CO
64.9000015258789;169;484;21.100000381469727;1;CO
64.9000015258789;169;170;21.100000381469727;0;Aucun
64.5999984741211;169;13;21.100000381469727;0;Aucun
65.0;168;146;21.200000762939453;0;Aucun
65.30000305175781;166;50;21.200000762939453;0;Aucun
65.30000305175781;161;492;21.200000762939453;1;CO
65.0999984741211;157;192;21.200000762939453;0;Aucun
65.0999984741211;164;337;21.200000762939453;1;CO
65.0;281;481;21.200000762939453;1;CO
65.0999984741211;284;508;21.200000762939453;1;CO
65.30000305175781;0;0;21.200000762939453;0;Aucun
68.9000015258789;0;16;21.299999237060547;0;Aucun
69.0999984741211;407;240;21.299999237060547;0;Aucun
69.19999694824219;0;61;21.299999237060547;0;Aucun
68.80000305175781;152;50;21.299999237060547;0;Aucun
68.5;0;164;21.299999237060547;0;Aucun
68.30000305175781;213;162;21.299999237060547;0;Aucun
67.80000305175781;56;136;21.299999237060547;0;Aucun
67.5;476;170;21.299999237060547;0;Aucun
67.0;317;165;21.299999237060547;0;Aucun
66.5999984741211;0;164;21.299999237060547;0;Aucun
66.19999694824219;43;163;21.399999618530277;0;Aucun
65.80000305175781;168;167;21.299999237060547;0;Aucun
65.30000305175781;469;166;21.399999618530277;0;Aucun
65.0;0;166;21.399999618530277;0;Aucun
64.80000305175781;362;130;21.700000762939453;0;Aucun
64.19999694824219;450;133;21.700000762939453;0;Aucun
63.79999923706055;72;133;21.700000762939453;0;Aucun
63.59999847412109;296;132;21.700000762939453;0;Aucun
63.29999923706055;27;137;21.700000762939453;0;Aucun
63.20000076293945;236;137;21.700000762939453;0;Aucun
63.29999923706055;209;137;21.700000762939453;0;Aucun
63.29999923706055;358;134;21.700000762939453;0;Aucun
63.09999847412109;119;299;21.700000762939453;0;Aucun
62.79999923706055;67;347;21.700000762939453;1;CO
62.79999923706055;39;388;21.700000762939453;1;CO
62.59999847412109;423;401;21.700000762939453;1;CO
62.5;1;411;21.700000762939453;1;CO
62.59999847412109;459;417;21.799999237060547;1;CO
62.5;272;416;21.700000762939453;1;CO
62.5;314;387;21.700000762939453;1;CO
62.400001525878906;0;354;21.700000762939453;1;CO
62.29999923706055;371;319;21.700000762939453;1;CO
62.20000076293945;241;282;21.700000762939453;0;Aucun
62.20000076293945;87;242;21.700000762939453;0;Aucun
62.20000076293945;460;225;21.700000762939453;0;Aucun
62.09999847412109;452;221;21.600000381469727;0;Aucun
62.09999847412109;326;216;21.700000762939453;0;Aucun
62.20000076293945;261;213;21.700000762939453;0;Aucun
62.09999847412109;295;209;21.700000762939453;0;Aucun
66.0999984741211;442;123;19.799999237060547;0;Aucun
65.80000305175781;0;123;19.899999618530277;0;Aucun
66.0;365;123;19.899999618530277;0;Aucun
66.0;445;123;19.799999237060547;0;Aucun
66.0;0;123;19.899999618530277;0;Aucun
66.0999984741211;0;122;19.799999237060547;0;Aucun
65.69999694824219;63;119;19.899999618530277;0;Aucun
65.5999984741211;263;119;19.899999618530277;0;Aucun
65.5999984741211;0;119;19.899999618530277;0;Aucun
65.69999694824219;476;120;19.899999618530277;0;Aucun
65.5999984741211;407;164;19.899999618530277;0;Aucun
65.69999694824219;0;143;19.899999618530277;0;Aucun
65.80000305175781;418;138;19.899999618530277;0;Aucun
65.5999984741211;469;137;19.899999618530277;0;Aucun
65.9000015258789;1;174;19.899999618530277;0;Aucun
66.0999984741211;291;133;19.899999618530277;0;Aucun
66.19999694824219;170;134;19.899999618530277;0;Aucun
66.19999694824219;0;135;19.899999618530277;0;Aucun
66.0999984741211;0;134;19.899999618530277;0;Aucun
66.0999984741211;476;135;19.899999618530277;0;Aucun
66.0999984741211;286;135;19.899999618530277;0;Aucun
66.0999984741211;0;134;19.899999618530277;0;Aucun
66.0;0;133;19.899999618530277;0;Aucun
66.0;225;133;19.899999618530277;0;Aucun
65.9000015258789;104;135;19.899999618530277;0;Aucun
65.69999694824219;0;135;19.899999618530277;0;Aucun
65.80000305175781;445;135;19.899999618530277;0;Aucun
65.69999694824219;0;136;19.899999618530277;0;Aucun
65.69999694824219;0;109;19.899999618530277;0;Aucun
65.5999984741211;388;109;19.899999618530277;0;Aucun
65.5999984741211;99;134;20.0;0;Aucun
65.69999694824219;415;131;19.899999618530277;0;Aucun
65.5;0;131;19.899999618530277;0;Aucun
65.5999984741211;449;129;20.0;0;Aucun
65.5999984741211;16;129;20.0;0;Aucun
65.5999984741211;0;127;20.0;0;Aucun
65.5999984741211;0;127;20.0;0;Aucun
65.69999694824219;0;127;20.0;0;Aucun
65.5999984741211;32;130;20.0;0;Aucun
66.0;252;128;19.899999618530277;0;Aucun
65.80000305175781;0;126;19.899999618530277;0;Aucun
65.9000015258789;0;126;20.0;0;Aucun
65.80000305175781;88;125;20.0;0;Aucun
65.69999694824219;462;126;20.0;0;Aucun
65.69999694824219;392;125;20.0;0;Aucun
65.9000015258789;462;123;20.0;0;Aucun
65.80000305175781;7;124;20.0;0;Aucun
65.5999984741211;469;122;20.0;0;Aucun
65.5999984741211;423;123;20.0;0;Aucun
65.69999694824219;39;123;20.0;0;Aucun
65.5999984741211;0;123;20.0;0;Aucun
62.59999847412109;285;126;21.0;0;Aucun
62.59999847412109;132;130;21.0;0;Aucun
62.400001525878906;461;130;21.0;0;Aucun
62.400001525878906;0;130;21.0;0;Aucun
62.29999923706055;0;130;21.0;0;Aucun
62.20000076293945;24;130;21.0;0;Aucun
62.29999923706055;194;129;20.899999618530277;0;Aucun
62.29999923706055;451;129;21.0;0;Aucun
62.29999923706055;106;129;21.0;0;Aucun
62.20000076293945;463;129;21.0;0;Aucun
62.20000076293945;0;129;20.899999618530277;0;Aucun
62.29999923706055;463;129;20.899999618530277;0;Aucun
62.29999923706055;238;129;20.899999618530277;0;Aucun
62.20000076293945;432;129;20.899999618530277;0;Aucun
62.29999923706055;459;129;20.899999618530277;0;Aucun
62.29999923706055;207;129;20.899999618530277;0;Aucun
62.09999847412109;124;129;20.899999618530277;0;Aucun
62.09999847412109;373;129;20.899999618530277;0;Aucun
62.09999847412109;461;129;20.899999618530277;0;Aucun
62.20000076293945;223;129;20.899999618530277;0;Aucun
62.20000076293945;0;129;20.799999237060547;0;Aucun
62.09999847412109;0;129;20.899999618530277;0;Aucun
62.20000076293945;0;129;20.899999618530277;0;Aucun
62.29999923706055;462;128;20.799999237060547;0;Aucun
62.20000076293945;0;128;20.799999237060547;0;Aucun
62.09999847412109;461;128;20.899999618530277;0;Aucun
62.20000076293945;459;128;20.899999618530277;0;Aucun
62.20000076293945;455;128;20.799999237060547;0;Aucun
62.09999847412109;459;128;20.799999237060547;0;Aucun
62.29999923706055;459;128;20.799999237060547;0;Aucun
62.20000076293945;0;128;20.899999618530277;0;Aucun
62.20000076293945;369;128;20.799999237060547;0;Aucun
62.29999923706055;53;129;20.799999237060547;0;Aucun
62.20000076293945;0;129;20.799999237060547;0;Aucun
62.29999923706055;307;129;20.799999237060547;0;Aucun
62.400001525878906;109;128;20.799999237060547;0;Aucun
62.29999923706055;0;128;20.700000762939453;0;Aucun
62.400001525878906;459;128;20.799999237060547;0;Aucun
62.400001525878906;0;128;20.799999237060547;0;Aucun
62.400001525878906;461;128;20.799999237060547;0;Aucun
62.400001525878906;296;128;20.799999237060547;0;Aucun
62.59999847412109;452;128;20.799999237060547;0;Aucun
62.400001525878906;370;128;20.799999237060547;0;Aucun
62.5;240;128;20.799999237060547;0;Aucun
62.5;0;128;20.700000762939453;0;Aucun
62.400001525878906;376;127;20.700000762939453;0;Aucun
62.400001525878906;0;127;20.799999237060547;0;Aucun
62.400001525878906;16;127;20.700000762939453;0;Aucun
62.400001525878906;455;127;20.700000762939453;0;Aucun
62.5;455;127;20.700000762939453;0;Aucun
62.59999847412109;456;127;20.700000762939453;0;Aucun
62.59999847412109;447;127;20.700000762939453;0;Aucun
62.59999847412109;378;127;20.700000762939453;0;Aucun
62.59999847412109;349;127;20.700000762939453;0;Aucun
62.59999847412109;378;128;20.700000762939453;0;Aucun
62.70000076293945;459;128;20.700000762939453;0;Aucun
62.5;0;128;20.700000762939453;0;Aucun
62.59999847412109;0;128;20.700000762939453;0;Aucun
62.59999847412109;455;127;20.700000762939453;0;Aucun
62.59999847412109;0;127;20.600000381469727;0;Aucun
62.70000076293945;34;127;20.700000762939453;0;Aucun
62.59999847412109;0;127;20.700000762939453;0;Aucun
62.79999923706055;0;127;20.700000762939453;0;Aucun
62.70000076293945;0;127;20.600000381469727;0;Aucun
62.79999923706055;455;127;20.600000381469727;0;Aucun
62.70000076293945;0;127;20.700000762939453;0;Aucun
62.79999923706055;216;127;20.600000381469727;0;Aucun
62.900001525878906;0;127;20.600000381469727;0;Aucun
62.79999923706055;0;127;20.700000762939453;0;Aucun
62.79999923706055;457;127;20.600000381469727;0;Aucun
62.79999923706055;458;127;20.600000381469727;0;Aucun
62.900001525878906;461;127;20.600000381469727;0;Aucun
62.900001525878906;0;127;20.600000381469727;0;Aucun
63.0;0;126;20.600000381469727;0;Aucun
62.900001525878906;0;126;20.600000381469727;0;Aucun
63.0;454;126;20.600000381469727;0;Aucun
63.0;454;126;20.600000381469727;0;Aucun
63.09999847412109;454;126;20.5;0;Aucun
63.09999847412109;443;126;20.600000381469727;0;Aucun
62.900001525878906;458;126;20.600000381469727;0;Aucun
63.09999847412109;0;127;20.5;0;Aucun
63.09999847412109;59;127;20.5;0;Aucun
63.0;0;128;20.5;0;Aucun
63.09999847412109;49;129;20.5;0;Aucun
63.0;0;129;20.600000381469727;0;Aucun
63.09999847412109;228;129;20.600000381469727;0;Aucun
63.0;342;129;20.5;0;Aucun
63.09999847412109;192;129;20.600000381469727;0;Aucun
63.09999847412109;0;129;20.5;0;Aucun
63.09999847412109;0;129;20.5;0;Aucun
63.09999847412109;427;129;20.5;0;Aucun
63.0;0;129;20.5;0;Aucun
63.09999847412109;9;128;20.5;0;Aucun
63.20000076293945;211;128;20.5;0;Aucun
63.0;55;128;20.5;0;Aucun
63.09999847412109;251;127;20.5;0;Aucun
63.29999923706055;0;127;20.5;0;Aucun
63.400001525878906;199;128;20.5;0;Aucun
63.5;0;128;20.5;0;Aucun
63.59999847412109;414;129;20.5;0;Aucun
63.400001525878906;46;129;20.5;0;Aucun
63.59999847412109;0;129;20.5;0;Aucun
63.5;7;127;20.5;0;Aucun
63.59999847412109;0;131;20.5;0;Aucun
63.59999847412109;456;131;20.5;0;Aucun
63.400001525878906;460;131;20.5;0;Aucun
63.5;0;130;20.5;0;Aucun
63.400001525878906;421;134;20.5;0;Aucun
63.29999923706055;462;138;20.5;0;Aucun
63.5;77;144;20.5;0;Aucun
63.5;46;220;20.5;0;Aucun
63.400001525878906;454;302;20.5;1;CO
63.400001525878906;459;345;20.5;1;CO
63.20000076293945;330;396;20.5;1;CO
63.29999923706055;90;411;20.5;1;CO
63.20000076293945;459;414;20.5;1;CO
63.20000076293945;0;411;20.5;1;CO
63.09999847412109;0;387;20.5;1;CO
63.29999923706055;143;325;20.5;1;CO
63.400001525878906;153;277;20.399999618530277;0;Aucun
63.59999847412109;46;253;20.5;0;Aucun
63.79999923706055;0;237;20.5;0;Aucun
63.900001525878906;29;228;20.5;0;Aucun
64.0;249;220;20.5;0;Aucun
63.70000076293945;7;215;20.399999618530277;0;Aucun
63.79999923706055;17;214;20.5;0;Aucun
63.79999923706055;369;209;20.399999618530277;0;Aucun
63.70000076293945;397;206;20.5;0;Aucun
63.70000076293945;463;203;20.399999618530277;0;Aucun
63.59999847412109;312;201;20.5;0;Aucun
63.59999847412109;427;196;20.399999618530277;0;Aucun
63.59999847412109;0;194;20.399999618530277;0;Aucun
63.59999847412109;20;194;20.399999618530277;0;Aucun
63.5;289;193;20.5;0;Aucun
63.5;0;189;20.5;0;Aucun
63.5;0;187;20.399999618530277;0;Aucun
63.59999847412109;229;184;20.5;0;Aucun
63.59999847412109;433;183;20.5;0;Aucun
63.5;0;184;20.5;0;Aucun
63.5;152;182;20.5;0;Aucun
63.400001525878906;150;179;20.399999618530277;0;Aucun
63.5;0;178;20.399999618530277;0;Aucun
63.400001525878906;0;177;20.5;0;Aucun
63.5;97;176;20.399999618530277;0;Aucun
63.5;131;175;20.399999618530277;0;Aucun
63.5;391;175;20.5;0;Aucun
63.5;323;174;20.5;0;Aucun
63.59999847412109;457;174;20.399999618530277;0;Aucun
63.5;324;172;20.399999618530277;0;Aucun
63.59999847412109;0;172;20.5;0;Aucun
63.59999847412109;423;171;20.399999618530277;0;Aucun
63.5;0;171;20.5;0;Aucun
63.5;0;169;20.5;0;Aucun
63.5;73;169;20.399999618530277;0;Aucun
63.59999847412109;0;169;20.399999618530277;0;Aucun
63.400001525878906;0;168;20.5;0;Aucun
63.5;283;167;20.399999618530277;0;Aucun
63.5;12;167;20.399999618530277;0;Aucun
63.400001525878906;222;166;20.399999618530277;0;Aucun
63.5;322;165;20.399999618530277;0;Aucun
63.5;0;165;20.399999618530277;0;Aucun
63.59999847412109;456;164;20.399999618530277;0;Aucun
63.5;0;165;20.399999618530277;0;Aucun
63.5;240;242;20.399999618530277;0;Aucun
63.59999847412109;61;162;20.399999618530277;0;Aucun
63.400001525878906;335;162;20.399999618530277;0;Aucun
63.5;0;162;20.5;0;Aucun
63.5;25;161;20.399999618530277;0;Aucun
63.5;452;161;20.399999618530277;0;Aucun
63.5;230;160;20.399999618530277;0;Aucun
63.59999847412109;0;160;20.399999618530277;0;Aucun
63.59999847412109;463;159;20.5;0;Aucun
63.59999847412109;15;159;20.399999618530277;0;Aucun
63.5;462;158;20.399999618530277;0;Aucun
63.59999847412109;341;158;20.399999618530277;0;Aucun
63.59999847412109;247;158;20.399999618530277;0;Aucun
63.5;0;157;20.399999618530277;0;Aucun
63.5;457;156;20.399999618530277;0;Aucun
63.5;80;157;20.399999618530277;0;Aucun
63.5;0;156;20.399999618530277;0;Aucun
63.5;452;155;20.399999618530277;0;Aucun
63.5;401;155;20.399999618530277;0;Aucun
63.70000076293945;0;153;20.399999618530277;0;Aucun
63.59999847412109;456;153;20.399999618530277;0;Aucun
63.79999923706055;396;152;20.399999618530277;0;Aucun
63.900001525878906;0;152;20.399999618530277;0;Aucun
63.70000076293945;452;152;20.399999618530277;0;Aucun
63.900001525878906;0;151;20.399999618530277;0;Aucun
63.70000076293945;124;151;20.5;0;Aucun
63.70000076293945;454;150;20.399999618530277;0;Aucun
63.59999847412109;454;151;20.399999618530277;0;Aucun
63.59999847412109;299;149;20.399999618530277;0;Aucun
63.70000076293945;253;149;20.399999618530277;0;Aucun
63.70000076293945;449;149;20.399999618530277;0;Aucun
63.70000076293945;462;148;20.399999618530277;0;Aucun
63.5;0;148;20.5;0;Aucun
64.5;0;149;21.200000762939453;0;Aucun
75.0999984741211;0;140;23.399999618530277;0;Aucun
82.9000015258789;222;140;25.799999237060547;0;Aucun
87.5;462;143;25.100000381469727;0;Aucun
93.9000015258789;443;143;24.5;0;Aucun
91.9000015258789;38;141;24.200000762939453;0;Aucun
90.8000030517578;455;140;24.100000381469727;0;Aucun
90.0;0;140;23.899999618530277;0;Aucun
88.5;462;140;23.700000762939453;0;Aucun
87.80000305175781;462;139;23.700000762939453;0;Aucun
86.9000015258789;424;139;23.600000381469727;0;Aucun
85.4000015258789;463;148;22.700000762939453;0;Aucun
84.4000015258789;371;139;22.600000381469727;0;Aucun
83.9000015258789;0;137;22.700000762939453;0;Aucun
83.30000305175781;105;137;22.700000762939453;0;Aucun
83.0;463;136;22.799999237060547;0;Aucun
82.80000305175781;0;136;22.799999237060547;0;Aucun
82.5999984741211;242;135;22.700000762939453;0;Aucun
82.30000305175781;461;136;22.700000762939453;0;Aucun
82.30000305175781;147;136;22.700000762939453;0;Aucun
82.0;159;136;22.700000762939453;0;Aucun
81.69999694824219;462;136;22.600000381469727;0;Aucun
81.5;391;136;22.600000381469727;0;Aucun
81.30000305175781;430;135;22.600000381469727;0;Aucun
81.0999984741211;457;135;22.5;0;Aucun
81.0999984741211;462;135;22.5;0;Aucun
81.0;461;135;22.5;0;Aucun
81.0;458;135;22.399999618530277;0;Aucun
80.80000305175781;452;135;22.399999618530277;0;Aucun
80.9000015258789;0;134;22.299999237060547;0;Aucun
80.9000015258789;385;134;22.299999237060547;0;Aucun
81.0999984741211;445;134;22.299999237060547;0;Aucun
81.4000015258789;462;134;22.200000762939453;0;Aucun
82.0;452;134;22.200000762939453;0;Aucun
82.4000015258789;455;134;22.200000762939453;0;Aucun
82.69999694824219;462;133;22.100000381469727;0;Aucun
83.0999984741211;0;133;22.0;0;Aucun
83.19999694824219;313;133;22.0;0;Aucun
83.30000305175781;459;133;22.0;0;Aucun
83.19999694824219;0;133;21.899999618530277;0;Aucun
83.19999694824219;0;133;21.899999618530277;0;Aucun
83.0999984741211;180;132;21.799999237060547;0;Aucun
82.80000305175781;369;132;21.799999237060547;0;Aucun
82.5999984741211;139;132;21.799999237060547;0;Aucun
82.5;250;132;21.700000762939453;0;Aucun
82.19999694824219;353;132;21.700000762939453;0;Aucun
82.19999694824219;0;131;21.700000762939453;0;Aucun
82.19999694824219;0;131;21.600000381469727;0;Aucun
81.80000305175781;0;131;21.5;0;Aucun
81.5999984741211;0;131;21.5;0;Aucun
81.5999984741211;0;131;21.5;0;Aucun
81.69999694824219;454;131;21.5;0;Aucun
81.30000305175781;0;130;21.5;0;Aucun
81.30000305175781;31;130;21.399999618530277;0;Aucun
81.19999694824219;0;130;21.399999618530277;0;Aucun
81.0999984741211;319;130;21.5;0;Aucun
80.9000015258789;462;130;21.399999618530277;0;Aucun
80.80000305175781;0;129;21.399999618530277;0;Aucun
80.80000305175781;454;130;21.399999618530277;0;Aucun
80.80000305175781;458;130;21.299999237060547;0;Aucun
80.5;0;130;21.299999237060547;0;Aucun
80.19999694824219;107;128;21.299999237060547;0;Aucun
80.19999694824219;212;129;21.299999237060547;0;Aucun
79.9000015258789;451;129;21.299999237060547;0;Aucun
79.80000305175781;457;129;21.299999237060547;0;Aucun
79.5999984741211;0;129;21.299999237060547;0;Aucun
79.19999694824219;0;129;21.200000762939453;0;Aucun
79.0999984741211;0;129;21.200000762939453;0;Aucun
78.9000015258789;0;128;21.200000762939453;0;Aucun
78.30000305175781;462;129;21.100000381469727;0;Aucun
78.19999694824219;117;129;21.100000381469727;0;Aucun
78.0;460;128;21.100000381469727;0;Aucun
77.69999694824219;453;128;21.100000381469727;0;Aucun
77.5;0;128;21.100000381469727;0;Aucun
77.19999694824219;0;128;21.0;0;Aucun
77.0999984741211;0;128;21.100000381469727;0;Aucun
76.5;457;128;21.0;0;Aucun
76.30000305175781;0;128;21.0;0;Aucun
76.0;0;128;21.0;0;Aucun
75.5999984741211;0;127;21.0;0;Aucun
75.30000305175781;368;127;21.0;0;Aucun
75.0;462;127;20.899999618530277;0;Aucun
74.0;0;127;21.0;0;Aucun
73.5;62;127;20.899999618530277;0;Aucun
73.0;2;127;20.899999618530277;0;Aucun
72.5;0;127;20.899999618530277;0;Aucun
72.19999694824219;188;127;20.899999618530277;0;Aucun
71.69999694824219;0;127;20.899999618530277;0;Aucun
71.19999694824219;431;127;20.899999618530277;0;Aucun
70.69999694824219;0;127;20.899999618530277;0;Aucun
70.30000305175781;98;126;20.899999618530277;0;Aucun
69.80000305175781;454;126;20.899999618530277;0;Aucun
69.4000015258789;454;126;20.899999618530277;0;Aucun
68.9000015258789;448;126;20.899999618530277;0;Aucun
68.30000305175781;0;126;20.899999618530277;0;Aucun
67.9000015258789;462;126;20.899999618530277;0;Aucun
67.5999984741211;76;126;20.899999618530277;0;Aucun
67.19999694824219;458;126;20.899999618530277;0;Aucun
67.0;462;126;20.899999618530277;0;Aucun
66.4000015258789;0;125;20.899999618530277;0;Aucun
66.0;428;125;20.899999618530277;0;Aucun
65.5999984741211;461;125;20.799999237060547;0;Aucun
65.4000015258789;0;125;20.799999237060547;0;Aucun
65.0999984741211;32;125;20.899999618530277;0;Aucun
64.9000015258789;458;125;20.899999618530277;0;Aucun
64.69999694824219;271;125;20.799999237060547;0;Aucun
64.5;210;125;20.799999237060547;0;Aucun
64.4000015258789;452;125;20.799999237060547;0;Aucun
64.30000305175781;184;124;20.799999237060547;0;Aucun
64.19999694824219;0;125;20.799999237060547;0;Aucun
64.0;210;125;20.799999237060547;0;Aucun
63.900001525878906;193;124;20.799999237060547;0;Aucun
63.79999923706055;212;124;20.799999237060547;0;Aucun
63.79999923706055;340;124;20.799999237060547;0;Aucun
63.79999923706055;455;124;20.799999237060547;0;Aucun
63.70000076293945;457;124;20.799999237060547;0;Aucun
63.70000076293945;216;124;20.700000762939453;0;Aucun
63.70000076293945;457;124;20.700000762939453;0;Aucun
63.70000076293945;0;124;20.799999237060547;0;Aucun
63.59999847412109;0;124;20.700000762939453;0;Aucun
63.59999847412109;457;124;20.799999237060547;0;Aucun
63.59999847412109;459;124;20.799999237060547;0;Aucun
63.59999847412109;0;123;20.799999237060547;0;Aucun
63.59999847412109;0;123;20.700000762939453;0;Aucun
63.59999847412109;356;123;20.700000762939453;0;Aucun
63.59999847412109;240;123;20.700000762939453;0;Aucun
63.59999847412109;0;123;20.799999237060547;0;Aucun
63.59999847412109;79;123;20.700000762939453;0;Aucun
63.5;0;123;20.700000762939453;0;Aucun
63.5;240;123;20.700000762939453;0;Aucun
63.5;0;123;20.700000762939453;0;Aucun
63.5;40;123;20.700000762939453;0;Aucun
63.5;462;123;20.700000762939453;0;Aucun
63.59999847412109;0;123;20.700000762939453;0;Aucun
63.5;31;123;20.700000762939453;0;Aucun
63.5;0;123;20.700000762939453;0;Aucun
63.59999847412109;0;123;20.700000762939453;0;Aucun
63.59999847412109;382;123;20.700000762939453;0;Aucun
63.400001525878906;400;123;20.700000762939453;0;Aucun
63.5;0;122;20.700000762939453;0;Aucun
63.5;52;122;20.700000762939453;0;Aucun
63.5;456;122;20.700000762939453;0;Aucun
63.59999847412109;0;122;20.700000762939453;0;Aucun
63.59999847412109;293;122;20.700000762939453;0;Aucun
63.59999847412109;398;122;20.700000762939453;0;Aucun
63.59999847412109;290;122;20.700000762939453;0;Aucun
63.59999847412109;0;122;20.600000381469727;0;Aucun
63.5;461;122;20.700000762939453;0;Aucun
63.5;420;122;20.700000762939453;0;Aucun
63.5;0;122;20.600000381469727;0;Aucun
63.5;458;122;20.600000381469727;0;Aucun
63.59999847412109;0;122;20.700000762939453;0;Aucun
63.59999847412109;456;122;20.600000381469727;0;Aucun
63.5;315;122;20.700000762939453;0;Aucun
63.5;0;122;20.600000381469727;0;Aucun
63.5;0;122;20.600000381469727;0;Aucun
63.59999847412109;44;122;20.600000381469727;0;Aucun
63.59999847412109;26;122;20.600000381469727;0;Aucun
63.59999847412109;105;122;20.600000381469727;0;Aucun
63.59999847412109;453;121;20.700000762939453;0;Aucun
63.59999847412109;335;121;20.600000381469727;0;Aucun
63.5;461;121;20.600000381469727;0;Aucun
63.70000076293945;456;121;20.600000381469727;0;Aucun
63.59999847412109;0;121;20.600000381469727;0;Aucun
63.70000076293945;7;121;20.600000381469727;0;Aucun
63.59999847412109;0;121;20.600000381469727;0;Aucun
63.70000076293945;454;121;20.600000381469727;0;Aucun
63.70000076293945;0;121;20.600000381469727;0;Aucun
63.59999847412109;0;122;20.600000381469727;0;Aucun
63.59999847412109;457;121;20.600000381469727;0;Aucun
63.59999847412109;0;121;20.600000381469727;0;Aucun
63.59999847412109;31;121;20.600000381469727;0;Aucun
63.70000076293945;0;121;20.600000381469727;0;Aucun
63.79999923706055;0;121;20.600000381469727;0;Aucun
63.70000076293945;175;121;20.600000381469727;0;Aucun
63.70000076293945;128;121;20.600000381469727;0;Aucun
63.70000076293945;0;121;20.600000381469727;0;Aucun
63.79999923706055;0;121;20.600000381469727;0;Aucun
63.70000076293945;151;121;20.5;0;Aucun
63.70000076293945;458;120;20.600000381469727;0;Aucun
63.70000076293945;0;121;20.5;0;Aucun
63.79999923706055;431;121;20.600000381469727;0;Aucun
63.79999923706055;325;121;20.600000381469727;0;Aucun
63.79999923706055;0;121;20.5;0;Aucun
63.79999923706055;12;121;20.600000381469727;0;Aucun
63.79999923706055;0;120;20.5;0;Aucun
63.79999923706055;461;120;20.5;0;Aucun
63.70000076293945;458;120;20.5;0;Aucun
63.79999923706055;182;120;20.600000381469727;0;Aucun
63.79999923706055;0;120;20.5;0;Aucun
63.70000076293945;459;121;20.5;0;Aucun
63.79999923706055;0;120;20.5;0;Aucun
63.900001525878906;396;120;20.5;0;Aucun
63.79999923706055;0;120;20.5;0;Aucun
63.79999923706055;119;121;20.600000381469727;0;Aucun
63.79999923706055;276;119;20.5;0;Aucun
63.79999923706055;0;120;20.5;0;Aucun
63.79999923706055;0;120;20.5;0;Aucun
63.79999923706055;416;120;20.5;0;Aucun
63.79999923706055;462;120;20.5;0;Aucun
63.79999923706055;461;120;20.5;0;Aucun
63.79999923706055;464;120;20.5;0;Aucun
63.70000076293945;316;120;20.5;0;Aucun
63.79999923706055;0;120;20.5;0;Aucun
63.79999923706055;0;120;20.5;0;Aucun
64.0;0;120;20.5;0;Aucun
64.0;275;120;20.5;0;Aucun
63.79999923706055;0;119;20.5;0;Aucun
63.900001525878906;0;120;20.5;0;Aucun
63.900001525878906;0;119;20.5;0;Aucun
64.0;458;119;20.5;0;Aucun
63.900001525878906;0;119;20.5;0;Aucun
63.900001525878906;462;119;20.5;0;Aucun
64.0;0;119;20.5;0;Aucun
64.0;462;119;20.5;0;Aucun
63.900001525878906;7;119;20.5;0;Aucun
63.900001525878906;0;119;20.5;0;Aucun
63.79999923706055;461;119;20.5;0;Aucun
63.900001525878906;462;118;20.5;0;Aucun
64.0;453;119;20.5;0;Aucun
63.900001525878906;462;118;20.5;0;Aucun
63.79999923706055;254;119;20.399999618530277;0;Aucun
63.900001525878906;0;119;20.5;0;Aucun
64.0;215;119;20.399999618530277;0;Aucun
63.900001525878906;142;119;20.5;0;Aucun
64.0;462;119;20.5;0;Aucun
63.900001525878906;212;119;20.5;0;Aucun
64.0;437;119;20.399999618530277;0;Aucun
63.900001525878906;268;119;20.5;0;Aucun
63.900001525878906;67;119;20.5;0;Aucun
63.900001525878906;8;119;20.399999618530277;0;Aucun
64.0;462;119;20.5;0;Aucun
64.0;155;118;20.5;0;Aucun
64.0;0;118;20.5;0;Aucun
64.0999984741211;0;118;20.5;0;Aucun
64.0;139;118;20.399999618530277;0;Aucun
64.0999984741211;0;118;20.5;0;Aucun
64.0999984741211;461;118;20.399999618530277;0;Aucun
64.0999984741211;459;118;20.5;0;Aucun
64.0;53;118;20.5;0;Aucun
64.0999984741211;0;118;20.5;0;Aucun
64.0;60;118;20.5;0;Aucun
64.0999984741211;369;118;20.399999618530277;0;Aucun
64.0;264;118;20.399999618530277;0;Aucun
64.0;0;118;20.399999618530277;0;Aucun
64.0999984741211;306;118;20.399999618530277;0;Aucun
64.0;462;118;20.399999618530277;0;Aucun
64.0999984741211;0;118;20.399999618530277;0;Aucun
64.0999984741211;0;118;20.5;0;Aucun
64.0999984741211;457;118;20.399999618530277;0;Aucun
64.0;225;118;20.399999618530277;0;Aucun
64.0;175;118;20.5;0;Aucun
64.0;257;118;20.399999618530277;0;Aucun
64.0999984741211;407;118;20.399999618530277;0;Aucun
64.0999984741211;457;118;20.399999618530277;0;Aucun
64.0999984741211;408;118;20.399999618530277;0;Aucun
63.900001525878906;0;118;20.399999618530277;0;Aucun
64.0999984741211;0;117;20.399999618530277;0;Aucun
64.0999984741211;173;118;20.399999618530277;0;Aucun
64.0;0;118;20.399999618530277;0;Aucun
64.0;11;118;20.399999618530277;0;Aucun
64.0;98;118;20.399999618530277;0;Aucun
64.0999984741211;0;117;20.399999618530277;0;Aucun
64.0;0;118;20.399999618530277;0;Aucun
64.0999984741211;454;117;20.399999618530277;0;Aucun
64.19999694824219;463;117;20.399999618530277;0;Aucun
64.0999984741211;40;117;20.399999618530277;0;Aucun
64.0999984741211;211;117;20.399999618530277;0;Aucun
64.0999984741211;0;117;20.399999618530277;0;Aucun
64.0999984741211;462;117;20.5;0;Aucun
64.0;299;117;20.399999618530277;0;Aucun
63.900001525878906;0;117;20.399999618530277;0;Aucun
64.0999984741211;0;119;20.399999618530277;0;Aucun
64.0999984741211;459;119;20.399999618530277;0;Aucun
64.0999984741211;463;119;20.399999618530277;0;Aucun
64.0999984741211;0;119;20.399999618530277;0;Aucun
64.0999984741211;0;119;20.399999618530277;0;Aucun
64.0999984741211;137;105;20.399999618530277;0;Aucun
57.900001525878906;371;77;19.700000762939453;0;Aucun
58.09999847412109;385;77;19.700000762939453;0;Aucun
58.09999847412109;341;77;19.700000762939453;0;Aucun
58.20000076293945;432;77;19.700000762939453;0;Aucun
56.70000076293945;326;163;19.799999237060547;0;Aucun
56.70000076293945;248;446;19.799999237060547;1;CO
56.70000076293945;123;465;19.799999237060547;1;CO
56.59999847412109;455;450;19.799999237060547;1;CO
56.70000076293945;0;313;19.799999237060547;1;CO
56.70000076293945;361;278;19.799999237060547;0;Aucun
56.5;71;248;19.799999237060547;0;Aucun
56.70000076293945;0;232;19.799999237060547;0;Aucun
56.70000076293945;66;222;19.799999237060547;0;Aucun
56.59999847412109;292;213;19.799999237060547;0;Aucun
56.79999923706055;236;205;19.799999237060547;0;Aucun
56.5;5;316;19.799999237060547;1;CO
56.59999847412109;0;441;19.799999237060547;1;CO
56.5;0;262;19.799999237060547;0;Aucun
75.69999694824219;203;132;20.0;0;Aucun
75.69999694824219;155;132;20.0;0;Aucun
75.5999984741211;474;131;20.0;0;Aucun
75.5999984741211;96;130;20.0;0;Aucun
75.80000305175781;0;130;20.0;0;Aucun
75.5999984741211;150;130;20.0;0;Aucun
75.69999694824219;178;130;20.0;0;Aucun
75.69999694824219;466;130;20.0;0;Aucun
75.69999694824219;0;130;20.0;0;Aucun
75.5999984741211;53;129;20.0;0;Aucun
75.5999984741211;0;129;20.0;0;Aucun
75.5;461;129;20.0;0;Aucun
75.5999984741211;451;129;20.0;0;Aucun
70.5999984741211;0;97;21.600000381469727;0;Aucun
69.9000015258789;441;97;21.600000381469727;0;Aucun
69.69999694824219;63;97;21.700000762939453;0;Aucun
69.69999694824219;460;96;21.700000762939453;0;Aucun
76.19999694824219;464;96;25.0;0;Aucun
82.5;462;96;25.299999237060547;0;Aucun
88.0;0;96;26.100000381469727;0;Aucun
92.0;0;96;27.399999618530277;0;Aucun
94.4000015258789;463;96;26.5;0;Aucun
92.3000030517578;266;95;26.200000762939453;0;Aucun
91.3000030517578;0;93;26.0;0;Aucun
90.4000015258789;0;94;25.799999237060547;0;Aucun
87.4000015258789;81;89;25.299999237060547;0;Aucun
86.69999694824219;88;81;25.200000762939453;0;Aucun
85.9000015258789;90;86;25.100000381469727;0;Aucun
85.0;115;89;24.899999618530277;0;Aucun
83.5;206;90;24.700000762939453;0;Aucun
82.4000015258789;5;97;24.200000762939453;0;Aucun
82.19999694824219;231;98;24.100000381469727;0;Aucun
72.0999984741211;158;101;21.200000762939453;0;Aucun
72.19999694824219;305;101;21.200000762939453;0;Aucun
72.19999694824219;40;101;21.200000762939453;0;Aucun
72.19999694824219;300;101;21.100000381469727;0;Aucun
72.0999984741211;491;100;21.200000762939453;0;Aucun
71.19999694824219;460;113;21.0;0;Aucun
71.0;229;112;21.100000381469727;0;Aucun
70.9000015258789;441;111;21.100000381469727;0;Aucun
70.9000015258789;350;112;21.100000381469727;0;Aucun
70.9000015258789;466;111;21.100000381469727;0;Aucun
70.9000015258789;275;112;21.100000381469727;0;Aucun
70.80000305175781;404;112;21.100000381469727;0;Aucun
70.80000305175781;89;111;21.100000381469727;0;Aucun
70.69999694824219;0;110;21.100000381469727;0;Aucun
70.9000015258789;0;111;21.100000381469727;0;Aucun
70.69999694824219;0;111;21.100000381469727;0;Aucun
70.80000305175781;384;110;21.200000762939453;0;Aucun
70.69999694824219;436;109;21.200000762939453;0;Aucun
70.69999694824219;135;109;21.100000381469727;0;Aucun
70.69999694824219;478;109;21.100000381469727;0;Aucun
70.5999984741211;255;109;21.100000381469727;0;Aucun
70.69999694824219;0;109;21.200000762939453;0;Aucun
70.5999984741211;472;108;21.200000762939453;0;Aucun
70.5;0;108;21.200000762939453;0;Aucun
70.4000015258789;0;108;21.200000762939453;0;Aucun
67.19999694824219;151;109;22.399999618530277;0;Aucun
67.0999984741211;148;109;22.399999618530277;0;Aucun
67.0;147;109;22.399999618530277;0;Aucun
67.0;146;109;22.399999618530277;0;Aucun
66.5999984741211;143;108;22.5;0;Aucun
66.5;141;108;22.600000381469727;0;Aucun
66.5;139;108;22.600000381469727;0;Aucun
66.5;139;107;22.600000381469727;0;Aucun
66.4000015258789;138;107;22.600000381469727;0;Aucun
66.0;4;103;22.700000762939453;0;Aucun
65.80000305175781;87;104;22.700000762939453;0;Aucun
65.69999694824219;82;103;22.799999237060547;0;Aucun
65.69999694824219;0;107;22.799999237060547;0;Aucun
65.69999694824219;0;99;22.799999237060547;0;Aucun
61.5;0;90;24.0;0;Aucun
61.5;27;89;24.0;0;Aucun
61.5;0;90;24.0;0;Aucun
61.400001525878906;123;90;24.0;0;Aucun
61.400001525878906;439;90;24.0;0;Aucun
61.5;412;89;24.0;0;Aucun
61.400001525878906;410;89;24.0;0;Aucun
61.29999923706055;16;90;24.0;0;Aucun
61.29999923706055;370;89;24.0;0;Aucun
61.400001525878906;0;89;24.0;0;Aucun
61.20000076293945;0;90;24.0;0;Aucun
61.29999923706055;0;89;24.0;0;Aucun
61.29999923706055;471;89;24.0;0;Aucun
61.29999923706055;284;88;24.100000381469727;0;Aucun
61.29999923706055;465;89;24.0;0;Aucun
61.29999923706055;341;89;24.0;0;Aucun
61.20000076293945;332;89;24.0;0;Aucun
61.20000076293945;77;89;24.0;0;Aucun
61.09999847412109;0;89;24.100000381469727;0;Aucun
61.09999847412109;0;89;24.100000381469727;0;Aucun
61.20000076293945;10;89;24.100000381469727;0;Aucun
61.20000076293945;212;89;24.100000381469727;0;Aucun
61.20000076293945;212;89;24.100000381469727;0;Aucun
61.09999847412109;130;89;24.100000381469727;0;Aucun
61.0;0;89;24.100000381469727;0;Aucun
60.900001525878906;0;88;24.100000381469727;0;Aucun
61.0;104;88;24.100000381469727;0;Aucun
61.0;53;89;24.100000381469727;0;Aucun
60.900001525878906;459;88;24.100000381469727;0;Aucun
61.0;0;88;24.100000381469727;0;Aucun
61.0;0;89;24.100000381469727;0;Aucun
60.900001525878906;0;88;24.200000762939453;0;Aucun
61.0;117;88;24.100000381469727;0;Aucun
60.900001525878906;286;87;24.100000381469727;0;Aucun
60.900001525878906;125;88;24.200000762939453;0;Aucun
60.79999923706055;375;88;24.200000762939453;0;Aucun
60.79999923706055;474;87;24.200000762939453;0;Aucun
60.79999923706055;0;93;24.200000762939453;0;Aucun
60.70000076293945;47;92;24.200000762939453;0;Aucun
60.70000076293945;28;92;24.200000762939453;0;Aucun
60.70000076293945;246;92;24.200000762939453;0;Aucun
64.69999694824219;282;171;23.5;0;Aucun
64.80000305175781;472;171;23.5;0;Aucun
64.69999694824219;0;171;23.600000381469727;0;Aucun
64.69999694824219;0;171;23.600000381469727;0;Aucun
64.5999984741211;0;107;20.299999237060547;0;Aucun
64.69999694824219;0;107;20.299999237060547;0;Aucun
66.30000305175781;107;318;22.200000762939453;1;CO
66.5;320;290;22.200000762939453;0;Aucun
66.30000305175781;451;293;22.200000762939453;0;Aucun
66.19999694824219;201;283;22.200000762939453;0;Aucun
66.30000305175781;449;283;22.200000762939453;0;Aucun
66.30000305175781;196;284;22.200000762939453;0;Aucun
66.30000305175781;0;282;22.200000762939453;0;Aucun
66.30000305175781;76;283;22.200000762939453;0;Aucun
66.4000015258789;197;283;22.299999237060547;0;Aucun
66.30000305175781;454;280;22.200000762939453;0;Aucun
66.5;456;281;22.200000762939453;0;Aucun
66.5;452;280;22.200000762939453;0;Aucun
66.5;39;280;22.200000762939453;0;Aucun
66.4000015258789;188;282;22.200000762939453;0;Aucun
66.4000015258789;445;280;22.200000762939453;0;Aucun
66.4000015258789;426;281;22.200000762939453;0;Aucun
66.4000015258789;169;279;22.200000762939453;0;Aucun
66.5999984741211;459;281;22.200000762939453;0;Aucun
66.4000015258789;203;279;22.200000762939453;0;Aucun
66.4000015258789;0;280;22.200000762939453;0;Aucun
66.30000305175781;445;280;22.200000762939453;0;Aucun
66.19999694824219;10;280;22.200000762939453;0;Aucun
66.30000305175781;449;280;22.200000762939453;0;Aucun
66.19999694824219;448;279;22.299999237060547;0;Aucun
66.30000305175781;438;278;22.200000762939453;0;Aucun
66.5999984741211;452;279;22.200000762939453;0;Aucun
66.5999984741211;447;264;22.299999237060547;0;Aucun
66.69999694824219;179;267;22.200000762939453;0;Aucun
66.5;446;267;22.200000762939453;0;Aucun
66.5999984741211;458;267;22.200000762939453;0;Aucun
66.4000015258789;363;268;22.200000762939453;0;Aucun
66.30000305175781;452;268;22.200000762939453;0;Aucun
66.4000015258789;444;269;22.299999237060547;0;Aucun
66.5;447;269;22.299999237060547;0;Aucun
66.5;437;269;22.299999237060547;0;Aucun
66.5;0;269;22.299999237060547;0;Aucun
66.5;456;269;22.299999237060547;0;Aucun
66.4000015258789;182;269;22.299999237060547;0;Aucun
66.5;453;269;22.299999237060547;0;Aucun
66.5999984741211;0;269;22.299999237060547;0;Aucun
66.5;453;269;22.200000762939453;0;Aucun
66.5;28;269;22.299999237060547;0;Aucun
61.900001525878906;45;128;22.0;0;Aucun
60.70000076293945;355;128;22.100000381469727;0;Aucun
60.70000076293945;151;128;22.0;0;Aucun
60.70000076293945;470;129;22.100000381469727;0;Aucun
60.59999847412109;469;128;22.100000381469727;0;Aucun
60.59999847412109;390;128;22.100000381469727;0;Aucun
60.5;469;128;22.100000381469727;0;Aucun
60.5;372;128;22.100000381469727;0;Aucun
60.5;0;128;22.100000381469727;0;Aucun
60.5;171;127;22.100000381469727;0;Aucun
60.400001525878906;190;128;22.100000381469727;0;Aucun
60.5;263;127;22.100000381469727;0;Aucun
60.400001525878906;165;128;22.100000381469727;0;Aucun
60.400001525878906;0;128;22.100000381469727;0;Aucun
60.400001525878906;257;127;22.100000381469727;0;Aucun
60.400001525878906;107;128;22.200000762939453;0;Aucun
60.20000076293945;463;128;22.100000381469727;0;Aucun
60.20000076293945;456;128;22.200000762939453;0;Aucun
60.20000076293945;0;128;22.100000381469727;0;Aucun
60.09999847412109;464;128;22.200000762939453;0;Aucun
60.20000076293945;128;128;22.200000762939453;0;Aucun
60.20000076293945;468;128;22.200000762939453;0;Aucun
60.20000076293945;320;127;22.200000762939453;0;Aucun
60.09999847412109;235;127;22.200000762939453;0;Aucun
60.20000076293945;469;127;22.100000381469727;0;Aucun
60.0;453;127;22.200000762939453;0;Aucun
60.20000076293945;50;127;22.200000762939453;0;Aucun
73.69999694824219;211;130;23.299999237060547;0;Aucun
80.4000015258789;243;129;24.299999237060547;0;Aucun
86.5999984741211;100;128;26.100000381469727;0;Aucun
89.80000305175781;166;127;25.299999237060547;0;Aucun
93.9000015258789;177;128;26.200000762939453;0;Aucun
93.9000015258789;204;131;27.600000381469727;0;Aucun
92.6999969482422;130;147;27.100000381469727;0;Aucun
91.6999969482422;5;147;26.799999237060547;0;Aucun
90.5999984741211;196;154;28.200000762939453;0;Aucun
89.9000015258789;288;145;27.600000381469727;0;Aucun
88.19999694824219;115;145;26.899999618530277;0;Aucun
87.69999694824219;114;144;27.0;0;Aucun
86.80000305175781;108;141;26.399999618530277;0;Aucun
85.19999694824219;0;126;26.100000381469727;0;Aucun
84.0999984741211;154;129;25.899999618530277;0;Aucun
82.80000305175781;35;129;25.799999237060547;0;Aucun
82.0999984741211;246;127;25.700000762939453;0;Aucun
81.9000015258789;330;129;26.899999618530277;0;Aucun
83.5;50;130;27.299999237060547;0;Aucun
84.0999984741211;0;127;27.600000381469727;0;Aucun
83.30000305175781;432;127;27.200000762939453;0;Aucun
79.69999694824219;306;130;26.0;0;Aucun
79.5;171;127;25.899999618530277;0;Aucun
79.0;152;128;25.799999237060547;0;Aucun
78.5999984741211;0;127;25.700000762939453;0;Aucun
78.0999984741211;430;128;25.600000381469727;0;Aucun
77.9000015258789;0;127;25.5;0;Aucun
77.80000305175781;462;128;25.399999618530277;0;Aucun
78.19999694824219;317;128;25.299999237060547;0;Aucun
79.5999984741211;0;128;25.200000762939453;0;Aucun
84.0999984741211;360;128;24.899999618530277;0;Aucun
84.4000015258789;419;127;24.899999618530277;0;Aucun
84.19999694824219;401;127;24.799999237060547;0;Aucun
84.0;195;128;24.700000762939453;0;Aucun
83.69999694824219;0;128;24.700000762939453;0;Aucun
83.5999984741211;125;127;24.600000381469727;0;Aucun
83.0;165;128;24.5;0;Aucun
82.5999984741211;120;128;24.399999618530277;0;Aucun
82.5999984741211;0;128;24.299999237060547;0;Aucun
82.5999984741211;356;128;24.299999237060547;0;Aucun
82.5;467;128;24.200000762939453;0;Aucun
82.5;375;128;24.200000762939453;0;Aucun
82.5999984741211;461;128;24.100000381469727;0;Aucun
82.5;190;127;24.100000381469727;0;Aucun
82.5999984741211;76;127;24.0;0;Aucun
82.5;226;128;24.0;0;Aucun
82.69999694824219;47;127;23.799999237060547;0;Aucun
82.5;107;128;23.799999237060547;0;Aucun
82.5999984741211;452;127;23.700000762939453;0;Aucun
82.5;92;128;23.600000381469727;0;Aucun
67.69999694824219;480;132;22.0;0;Aucun
67.69999694824219;461;134;21.899999618530277;0;Aucun
67.69999694824219;0;132;22.0;0;Aucun
67.69999694824219;355;133;21.899999618530277;0;Aucun
67.69999694824219;459;132;22.0;0;Aucun
67.69999694824219;480;133;21.899999618530277;0;Aucun
67.69999694824219;457;133;22.0;0;Aucun
67.69999694824219;475;133;21.899999618530277;0;Aucun
67.5999984741211;0;133;22.0;0;Aucun
67.5;0;132;22.0;0;Aucun
67.5;481;132;22.0;0;Aucun
67.5999984741211;474;132;22.0;0;Aucun
67.5;0;132;22.0;0;Aucun
67.5;242;132;21.899999618530277;0;Aucun
67.4000015258789;475;132;22.0;0;Aucun
67.0999984741211;475;132;21.899999618530277;0;Aucun
67.19999694824219;0;132;22.0;0;Aucun
67.19999694824219;433;132;22.0;0;Aucun
67.30000305175781;430;131;22.0;0;Aucun
67.30000305175781;3;132;21.899999618530277;0;Aucun
67.30000305175781;0;131;22.0;0;Aucun
67.4000015258789;0;132;21.899999618530277;0;Aucun
67.5;249;132;22.0;0;Aucun
67.4000015258789;460;132;21.899999618530277;0;Aucun
67.5;104;132;22.0;0;Aucun
67.5;0;132;21.899999618530277;0;Aucun
67.5999984741211;443;132;21.899999618530277;0;Aucun
67.80000305175781;329;132;21.899999618530277;0;Aucun
67.80000305175781;0;132;22.0;0;Aucun
67.69999694824219;479;131;21.899999618530277;0;Aucun
67.69999694824219;0;132;21.899999618530277;0;Aucun
67.69999694824219;356;131;21.899999618530277;0;Aucun
67.5999984741211;480;132;21.899999618530277;0;Aucun
67.5999984741211;450;132;22.0;0;Aucun
67.5999984741211;474;131;21.899999618530277;0;Aucun
67.5;320;132;22.0;0;Aucun
67.5;445;131;21.899999618530277;0;Aucun
67.5999984741211;479;131;22.0;0;Aucun
67.5;0;131;21.899999618530277;0;Aucun
67.5;330;132;22.0;0;Aucun
67.4000015258789;0;131;22.0;0;Aucun
67.4000015258789;0;131;22.0;0;Aucun
67.4000015258789;55;131;22.0;0;Aucun
67.4000015258789;45;131;22.0;0;Aucun
67.5;319;131;22.0;0;Aucun
67.30000305175781;455;131;22.0;0;Aucun
67.4000015258789;336;131;22.0;0;Aucun
67.4000015258789;187;131;22.0;0;Aucun
67.4000015258789;231;131;21.899999618530277;0;Aucun
67.5;480;131;22.0;0;Aucun
67.5999984741211;475;131;22.0;0;Aucun
67.69999694824219;440;131;21.899999618530277;0;Aucun
67.69999694824219;21;131;22.0;0;Aucun
67.80000305175781;0;131;22.0;0;Aucun
67.69999694824219;206;131;22.0;0;Aucun
67.80000305175781;236;131;22.0;0;Aucun
67.80000305175781;0;131;22.0;0;Aucun
67.5999984741211;474;131;22.0;0;Aucun
67.69999694824219;9;131;22.0;0;Aucun
67.69999694824219;479;130;22.0;0;Aucun
67.5999984741211;203;131;22.0;0;Aucun
67.69999694824219;482;131;22.0;0;Aucun
67.5999984741211;344;130;22.0;0;Aucun
67.5999984741211;475;130;22.0;0;Aucun
67.5;0;131;22.0;0;Aucun
67.5;425;131;22.0;0;Aucun
67.5;170;131;22.0;0;Aucun
67.5999984741211;132;131;22.0;0;Aucun
67.5999984741211;136;131;22.0;0;Aucun
67.5999984741211;0;131;22.0;0;Aucun
67.5;53;131;22.0;0;Aucun
67.5;74;130;22.0;0;Aucun
67.4000015258789;474;130;22.0;0;Aucun
67.5;482;130;22.0;0;Aucun
67.30000305175781;92;131;22.0;0;Aucun
67.30000305175781;0;130;22.0;0;Aucun
67.5;480;130;22.0;0;Aucun
67.5;25;130;22.0;0;Aucun
67.5999984741211;0;130;22.0;0;Aucun
67.5999984741211;323;130;22.0;0;Aucun
67.69999694824219;0;131;22.0;0;Aucun
67.69999694824219;0;130;22.0;0;Aucun
67.5999984741211;479;130;22.0;0;Aucun
67.69999694824219;416;130;22.0;0;Aucun
67.69999694824219;469;130;22.0;0;Aucun
67.5999984741211;0;130;22.0;0;Aucun
67.80000305175781;0;130;22.0;0;Aucun
67.69999694824219;467;130;22.0;0;Aucun
67.69999694824219;0;130;22.0;0;Aucun
68.0999984741211;297;130;22.0;0;Aucun
68.19999694824219;101;130;22.0;0;Aucun
68.0;0;130;22.0;0;Aucun
67.9000015258789;0;130;22.0;0;Aucun
67.9000015258789;479;130;22.100000381469727;0;Aucun
65.0;27;326;23.399999618530277;1;CO
64.9000015258789;410;325;23.399999618530277;1;CO
64.80000305175781;0;325;23.399999618530277;1;CO
64.80000305175781;307;325;23.5;1;CO
64.80000305175781;29;325;23.399999618530277;1;CO
64.69999694824219;17;325;23.399999618530277;1;CO
66.80000305175781;110;324;23.399999618530277;1;CO
67.5999984741211;285;324;23.5;1;CO
67.9000015258789;151;324;23.399999618530277;1;CO
68.0;324;323;23.399999618530277;1;CO
67.9000015258789;341;324;23.399999618530277;1;CO
66.30000305175781;403;324;23.5;1;CO
66.19999694824219;363;322;23.5;1;CO
66.0999984741211;118;322;23.399999618530277;1;CO
67.5;235;322;23.5;1;CO
68.30000305175781;331;315;23.5;1;CO
68.30000305175781;476;314;23.5;1;CO
68.0;453;313;23.5;1;CO
66.69999694824219;456;313;23.5;1;CO
66.5;325;312;23.5;1;CO
66.30000305175781;448;312;23.5;1;CO
65.9000015258789;389;312;23.5;1;CO
65.9000015258789;207;311;23.5;1;CO
65.80000305175781;23;311;23.5;1;CO
63.5;46;249;24.799999237060547;0;Aucun
64.30000305175781;323;247;24.899999618530277;0;Aucun
63.20000076293945;479;247;24.899999618530277;0;Aucun
60.20000076293945;481;101;24.799999237060547;0;Aucun
60.29999923706055;489;100;24.799999237060547;0;Aucun
60.400001525878906;490;81;24.799999237060547;0;Aucun
60.5;490;66;24.799999237060547;0;Aucun
60.5;486;59;24.799999237060547;0;Aucun
60.70000076293945;488;90;24.799999237060547;0;Aucun
60.79999923706055;488;100;24.700000762939453;0;Aucun
60.900001525878906;487;85;24.799999237060547;0;Aucun
60.59999847412109;482;156;24.799999237060547;0;Aucun
60.29999923706055;481;156;24.700000762939453;0;Aucun
60.29999923706055;477;155;24.700000762939453;0;Aucun
60.09999847412109;477;154;24.799999237060547;0;Aucun
59.59999847412109;473;154;24.700000762939453;0;Aucun
59.59999847412109;471;153;24.700000762939453;0;Aucun
60.70000076293945;1023;154;24.799999237060547;1;CH4/LPG
60.70000076293945;691;149;24.799999237060547;1;CH4/LPG
60.59999847412109;668;149;24.899999618530277;1;CH4/LPG
60.0;1023;149;24.899999618530277;1;CH4/LPG
60.59999847412109;857;149;24.799999237060547;1;CH4/LPG
60.900001525878906;451;142;24.899999618530277;0;Aucun
61.09999847412109;432;265;24.799999237060547;0;Aucun
61.09999847412109;432;306;24.899999618530277;1;CO
61.0;690;358;24.899999618530277;1;Mélange (CH4/LPG + CO)
60.70000076293945;600;376;25.0;1;Mélange (CH4/LPG + CO)
60.400001525878906;563;334;24.899999618530277;1;Mélange (CH4/LPG + CO)
60.400001525878906;556;322;24.899999618530277;1;Mélange (CH4/LPG + CO)
59.79999923706055;513;284;25.0;0;Aucun
59.29999923706055;466;273;24.899999618530277;0;Aucun
59.400001525878906;404;269;24.899999618530277;0;Aucun
59.400001525878906;391;261;24.799999237060547;0;Aucun
59.400001525878906;441;259;24.799999237060547;0;Aucun
59.70000076293945;460;258;24.799999237060547;0;Aucun
59.900001525878906;460;256;24.799999237060547;0;Aucun
60.20000076293945;485;255;24.700000762939453;0;Aucun
60.5;554;253;24.700000762939453;1;CH4/LPG
61.0;600;246;24.700000762939453;1;CH4/LPG
60.79999923706055;1023;253;24.700000762939453;1;CH4/LPG
60.79999923706055;1023;243;24.700000762939453;1;CH4/LPG
60.59999847412109;678;239;24.799999237060547;1;CH4/LPG
60.70000076293945;547;236;24.799999237060547;0;Aucun
60.59999847412109;545;236;24.799999237060547;0;Aucun
60.70000076293945;545;235;24.799999237060547;0;Aucun
60.400001525878906;558;232;24.799999237060547;1;CH4/LPG
60.5;559;233;24.799999237060547;1;CH4/LPG
60.400001525878906;559;231;24.899999618530277;1;CH4/LPG
60.59999847412109;560;229;24.799999237060547;1;CH4/LPG
60.29999923706055;561;228;24.899999618530277;1;CH4/LPG
60.400001525878906;560;228;24.899999618530277;1;CH4/LPG
60.5;560;227;24.799999237060547;1;CH4/LPG
60.400001525878906;560;225;24.899999618530277;1;CH4/LPG
60.400001525878906;562;224;24.899999618530277;1;CH4/LPG
60.29999923706055;525;222;24.899999618530277;0;Aucun
61.09999847412109;561;221;24.899999618530277;1;CH4/LPG
61.20000076293945;565;221;24.899999618530277;1;CH4/LPG
61.29999923706055;565;221;24.899999618530277;1;CH4/LPG
61.400001525878906;564;220;25.0;1;CH4/LPG
61.400001525878906;560;217;25.100000381469727;1;CH4/LPG
61.09999847412109;557;217;25.200000762939453;1;CH4/LPG
60.79999923706055;547;211;25.200000762939453;0;Aucun
61.0;546;209;25.200000762939453;0;Aucun
62.09999847412109;541;204;25.200000762939453;0;Aucun
61.59999847412109;542;204;25.200000762939453;0;Aucun
70.69999694824219;413;139;22.700000762939453;0;Aucun
70.69999694824219;414;139;22.799999237060547;0;Aucun
70.5;412;139;22.799999237060547;0;Aucun
70.5999984741211;413;139;22.799999237060547;0;Aucun
70.5;413;139;22.700000762939453;0;Aucun
70.30000305175781;414;138;22.700000762939453;0;Aucun
70.4000015258789;412;138;22.700000762939453;0;Aucun
70.5;392;126;22.799999237060547;0;Aucun
70.5;391;126;22.799999237060547;0;Aucun
70.19999694824219;393;126;22.799999237060547;0;Aucun
70.4000015258789;392;126;22.899999618530277;0;Aucun
70.4000015258789;392;126;22.799999237060547;0;Aucun
70.4000015258789;391;126;22.899999618530277;0;Aucun
70.4000015258789;392;126;22.899999618530277;0;Aucun
70.30000305175781;392;126;22.799999237060547;0;Aucun
70.5;392;126;22.899999618530277;0;Aucun
70.5999984741211;392;125;22.799999237060547;0;Aucun
70.5999984741211;391;126;22.799999237060547;0;Aucun
70.4000015258789;391;125;22.799999237060547;0;Aucun
70.5;389;125;22.799999237060547;0;Aucun
70.4000015258789;392;125;22.899999618530277;0;Aucun
70.5;393;125;22.899999618530277;0;Aucun
70.4000015258789;391;125;22.899999618530277;0;Aucun
70.4000015258789;390;125;22.799999237060547;0;Aucun
70.5;391;125;22.899999618530277;0;Aucun
70.5;390;125;22.899999618530277;0;Aucun
70.5;390;125;22.899999618530277;0;Aucun
70.0999984741211;393;118;23.100000381469727;0;Aucun
70.0;393;118;23.100000381469727;0;Aucun
70.0;394;119;23.0;0;Aucun
70.0999984741211;392;119;23.100000381469727;0;Aucun
71.5;404;134;23.100000381469727;0;Aucun
71.30000305175781;407;135;23.200000762939453;0;Aucun
71.4000015258789;407;135;23.200000762939453;0;Aucun
71.5999984741211;400;138;23.299999237060547;0;Aucun
71.5999984741211;402;138;23.299999237060547;0;Aucun
67.30000305175781;357;268;24.399999618530277;0;Aucun
67.4000015258789;0;1;24.399999618530277;0;Aucun
67.30000305175781;49;26;24.399999618530277;0;Aucun
67.19999694824219;426;354;24.399999618530277;1;CO
67.4000015258789;336;259;24.399999618530277;0;Aucun
67.4000015258789;422;251;24.399999618530277;0;Aucun
66.80000305175781;418;176;24.399999618530277;0;Aucun
66.80000305175781;423;341;24.399999618530277;1;CO
66.80000305175781;0;0;24.399999618530277;0;Aucun
66.80000305175781;236;215;24.399999618530277;0;Aucun
66.9000015258789;417;302;24.399999618530277;1;CO
